ts,entry,exit,pnl,dir,bars,how
2025-01-03 12:32:00-05:00,21505.75,21525.75,-20.0,S,8,stop
2025-01-06 12:02:00-05:00,21768.25,21748.25,-20.0,L,40,stop
2025-01-08 13:29:00-05:00,21418.0,21400.0,18.0,S,1,tgt
2025-01-13 12:00:00-05:00,20880.5,20900.5,-20.0,S,30,stop
2025-01-13 15:03:00-05:00,20967.0,20987.0,-20.0,S,23,stop
2025-01-20 09:46:00-05:00,21660.25,21682.5,22.25,L,4,tgt
2025-01-21 13:21:00-05:00,21725.75,21705.75,-20.0,L,31,stop
2025-01-22 14:13:00-05:00,22020.5,22000.5,-20.0,L,37,stop
2025-01-24 11:57:00-05:00,21948.0,21928.0,-20.0,L,12,stop
2025-01-28 14:51:00-05:00,21584.5,21600.0,15.5,L,4,tgt
2025-01-29 13:33:00-05:00,21444.5,21400.0,44.5,S,3,tgt
2025-01-31 12:35:00-05:00,21778.5,21758.5,-20.0,L,1,stop
2025-02-04 14:01:00-05:00,21640.75,21680.0,39.25,L,53,tgt
2025-02-05 10:18:00-05:00,21578.75,21600.0,21.25,L,9,tgt
2025-02-10 11:12:00-05:00,21832.0,21850.0,18.0,L,26,tgt
2025-02-12 12:45:00-05:00,21783.25,21800.0,16.75,L,7,tgt
2025-02-12 13:07:00-05:00,21776.0,21800.0,24.0,L,27,tgt
2025-02-14 10:22:00-05:00,22122.5,22102.5,-20.0,L,67,stop
2025-02-14 13:53:00-05:00,22161.75,22200.0,38.25,L,41,tgt
2025-02-19 12:13:00-05:00,22208.5,22250.0,41.5,L,13,tgt
2025-02-24 11:21:00-05:00,21638.75,21658.75,-20.0,S,24,stop
2025-02-25 11:30:00-05:00,21179.0,21199.0,-20.0,S,8,stop
2025-02-25 14:25:00-05:00,21244.0,21200.0,44.0,S,6,tgt
2025-02-28 12:38:00-05:00,20630.25,20650.25,-20.0,S,2,stop
2025-03-06 13:53:00-05:00,20169.75,20150.0,19.75,S,2,tgt
2025-03-07 09:50:00-05:00,20018.0,20003.0,15.0,S,1,tgt
2025-03-07 11:39:00-05:00,19922.25,19942.25,-20.0,S,1,stop
2025-03-11 12:49:00-04:00,19341.25,19361.25,-20.0,S,1,stop
2025-03-12 10:19:00-04:00,19478.25,19498.25,-20.0,S,5,stop
2025-03-14 13:41:00-04:00,19678.25,19698.25,-20.0,S,5,stop
2025-03-19 13:13:00-04:00,19880.25,19900.25,-20.0,S,1,stop
2025-03-24 13:04:00-04:00,20319.0,20350.0,31.0,L,35,tgt
2025-03-25 12:30:00-04:00,20418.0,20450.0,32.0,L,50,tgt
2025-03-26 14:52:00-04:00,20121.0,20100.0,21.0,S,8,tgt
2025-03-27 14:23:00-04:00,20117.75,20100.0,17.75,S,3,tgt
2025-03-28 14:56:00-04:00,19467.75,19450.0,17.75,S,4,tgt
2025-03-31 11:30:00-04:00,19271.5,19250.0,21.5,S,14,tgt
2025-04-01 13:57:00-04:00,19439.75,19459.75,-20.0,S,4,stop
2025-04-03 13:42:00-04:00,18818.0,18838.0,-20.0,S,1,stop
2025-04-04 10:05:00-04:00,17999.0,17968.0,31.0,S,1,tgt
2025-04-04 14:23:00-04:00,17732.25,17752.25,-20.0,S,1,stop
2025-04-07 15:07:00-04:00,17676.5,17696.5,-20.0,S,1,stop
2025-04-09 10:49:00-04:00,17381.5,17401.5,-20.0,S,1,stop
2025-04-09 12:36:00-04:00,18676.5,18696.5,-20.0,S,1,stop
2025-04-11 11:07:00-04:00,18595.25,18575.75,19.5,S,2,tgt
2025-04-11 11:39:00-04:00,18728.25,18748.25,-20.0,S,4,stop
2025-04-15 12:24:00-04:00,18937.25,18917.25,-20.0,L,1,stop
2025-04-21 13:19:00-04:00,17738.75,17758.75,-20.0,S,11,stop
2025-04-21 14:23:00-04:00,17791.0,17811.0,-20.0,S,12,stop
2025-04-21 14:59:00-04:00,17922.25,17903.75,18.5,S,4,tgt
2025-04-22 14:59:00-04:00,18380.0,18400.0,-20.0,S,1,stop
2025-04-25 12:41:00-04:00,19476.75,19456.75,-20.0,L,1,stop
2025-04-29 11:50:00-04:00,19522.75,19502.75,-20.0,L,5,stop
2025-04-30 12:07:00-04:00,19410.5,19390.5,-20.0,L,1,stop
2025-05-01 10:58:00-04:00,19973.75,19953.75,-20.0,L,6,stop
2025-05-05 14:57:00-04:00,20061.5,20041.5,-20.0,L,4,stop
2025-05-06 15:04:00-04:00,19872.5,19900.0,27.5,L,11,tgt
2025-05-07 12:38:00-04:00,19871.25,19851.25,-20.0,L,13,stop
2025-05-07 13:17:00-04:00,19719.25,19739.0,19.75,L,3,tgt
2025-05-13 14:56:00-04:00,21284.5,21264.5,-20.0,L,4,stop
2025-05-14 12:14:00-04:00,21345.5,21325.5,-20.0,L,2,stop
2025-05-19 13:23:00-04:00,21465.25,21500.0,34.75,L,32,tgt
2025-05-20 12:36:00-04:00,21435.25,21415.25,-20.0,L,14,stop
2025-05-20 13:18:00-04:00,21423.25,21403.25,-20.0,L,3,stop
2025-05-21 12:00:00-04:00,21523.0,21503.0,-20.0,L,2,stop
2025-05-21 14:12:00-04:00,21115.25,21150.0,34.75,L,3,tgt
2025-05-22 13:41:00-04:00,21277.75,21300.0,22.25,L,11,tgt
2025-05-22 14:48:00-04:00,21256.5,21236.5,-20.0,L,4,stop
2025-05-23 14:03:00-04:00,21020.5,21040.0,19.5,L,4,tgt
2025-05-23 14:24:00-04:00,21016.5,20996.5,-20.0,L,3,stop
2025-05-28 13:55:00-04:00,21448.0,21464.0,16.0,L,2,tgt
2025-06-04 11:15:00-04:00,21719.25,21750.0,30.75,L,34,tgt
2025-06-06 10:22:00-04:00,21784.0,21800.0,16.0,L,9,tgt
2025-06-09 10:20:00-04:00,21835.25,21815.25,-20.0,L,7,stop
2025-06-09 12:19:00-04:00,21845.0,21873.5,28.5,L,7,tgt
2025-06-09 14:17:00-04:00,21859.0,21839.0,-20.0,L,25,stop
2025-06-10 13:02:00-04:00,21853.25,21833.25,-20.0,L,3,stop
2025-06-11 10:10:00-04:00,22021.5,22001.5,-20.0,L,32,stop
2025-06-11 11:12:00-04:00,21957.75,21937.75,-20.0,L,6,stop
2025-06-13 12:17:00-04:00,21775.0,21800.0,25.0,L,4,tgt
2025-06-13 13:09:00-04:00,21745.75,21725.75,-20.0,L,6,stop
2025-06-17 12:02:00-04:00,22031.5,22050.0,18.5,L,8,tgt
2025-06-18 11:01:00-04:00,22041.75,22059.75,18.0,L,7,tgt
2025-06-25 10:06:00-04:00,22465.25,22445.25,-20.0,L,8,stop
2025-06-25 12:37:00-04:00,22427.25,22407.25,-20.0,L,3,stop
2025-06-26 13:51:00-04:00,22663.5,22643.5,-20.0,L,73,stop
2025-06-27 11:20:00-04:00,22786.75,22766.75,-20.0,L,64,stop
2025-06-30 13:43:00-04:00,22795.25,22825.5,30.25,L,11,tgt
2025-07-01 09:47:00-04:00,22707.25,22687.25,-20.0,L,10,stop
2025-07-01 14:03:00-04:00,22678.0,22700.0,22.0,L,16,tgt
2025-07-03 11:54:00-04:00,23052.25,23067.75,15.5,L,3,tgt
2025-07-08 14:11:00-04:00,22882.5,22900.0,17.5,L,39,tgt
2025-07-09 12:02:00-04:00,22973.5,23000.0,26.5,L,34,tgt
2025-07-09 12:56:00-04:00,22974.0,23000.0,26.0,L,9,tgt
2025-07-16 15:03:00-04:00,23069.0,23058.5,-10.5,L,27,time
2025-07-17 13:08:00-04:00,23256.75,23236.75,-20.0,L,7,stop
2025-07-21 11:18:00-04:00,23371.25,23386.75,15.5,L,14,tgt
2025-07-21 13:51:00-04:00,23398.5,23378.5,-20.0,L,15,stop
2025-07-21 14:29:00-04:00,23368.75,23348.75,-20.0,L,16,stop
2025-07-22 15:03:00-04:00,23206.75,23194.25,-12.5,L,27,time
2025-07-23 14:38:00-04:00,23280.75,23300.0,19.25,L,16,tgt
2025-07-24 11:06:00-04:00,23367.75,23347.75,-20.0,L,20,stop
2025-07-25 14:53:00-04:00,23428.5,23408.5,-20.0,L,2,stop
2025-07-28 12:20:00-04:00,23467.0,23482.5,15.5,L,13,tgt
2025-07-29 12:44:00-04:00,23475.5,23500.0,24.5,L,17,tgt
2025-07-29 13:24:00-04:00,23477.0,23500.0,23.0,L,16,tgt
2025-07-30 13:51:00-04:00,23511.0,23491.0,-20.0,L,2,stop
2025-07-31 10:17:00-04:00,23497.0,23534.75,37.75,L,11,tgt
2025-07-31 13:17:00-04:00,23330.25,23350.0,19.75,L,2,tgt
2025-08-01 13:45:00-04:00,22927.0,22900.0,27.0,S,5,tgt
2025-08-06 11:32:00-04:00,23365.0,23400.0,35.0,L,94,tgt
2025-08-08 12:27:00-04:00,23664.0,23700.0,36.0,L,16,tgt
2025-08-11 09:49:00-04:00,23729.0,23750.0,21.0,L,26,tgt
2025-08-12 14:44:00-04:00,23921.0,23950.0,29.0,L,10,tgt
2025-08-13 13:38:00-04:00,23910.75,23932.5,21.75,L,8,tgt
2025-08-14 13:17:00-04:00,23913.75,23893.75,-20.0,L,17,stop
2025-08-15 10:41:00-04:00,23772.0,23752.0,-20.0,L,1,stop
2025-08-20 14:25:00-04:00,23332.0,23352.0,-20.0,S,24,stop
2025-08-27 11:28:00-04:00,23559.25,23583.75,24.5,L,19,tgt
2025-08-27 13:55:00-04:00,23631.0,23611.0,-20.0,L,12,stop
2025-08-29 12:53:00-04:00,23468.0,23450.0,18.0,S,5,tgt
2025-09-01 10:31:00-04:00,23502.0,23483.5,18.5,S,48,tgt
2025-09-02 12:27:00-04:00,23151.25,23171.25,-20.0,S,3,stop
2025-09-02 15:11:00-04:00,23338.5,23358.5,-20.0,S,6,stop
2025-09-05 10:03:00-04:00,23530.75,23550.0,19.25,L,3,tgt
2025-09-05 14:34:00-04:00,23664.0,23644.0,-20.0,L,20,stop
2025-09-08 11:07:00-04:00,23848.75,23828.75,-20.0,L,10,stop
2025-09-08 11:38:00-04:00,23808.0,23788.0,-20.0,L,27,stop
2025-09-08 12:53:00-04:00,23776.0,23800.0,24.0,L,18,tgt
2025-09-10 12:24:00-04:00,23897.5,23877.5,-20.0,L,2,stop
2025-09-10 13:21:00-04:00,23865.5,23845.5,-20.0,L,27,stop
2025-09-10 14:15:00-04:00,23817.0,23797.0,-20.0,L,6,stop
2025-09-12 14:42:00-04:00,24099.0,24115.5,16.5,L,3,tgt
2025-09-12 15:02:00-04:00,24106.0,24113.25,7.25,L,28,time
2025-09-16 12:52:00-04:00,24526.75,24550.0,23.25,L,69,tgt
2025-09-18 14:28:00-04:00,24722.0,24702.0,-20.0,L,19,stop
2025-09-23 12:32:00-04:00,24868.75,24848.75,-20.0,L,3,stop
2025-09-24 10:53:00-04:00,24725.75,24705.75,-20.0,L,3,stop
2025-09-24 14:37:00-04:00,24716.5,24750.0,33.5,L,23,tgt
2025-09-25 13:05:00-04:00,24475.5,24500.0,24.5,L,1,tgt
2025-09-29 10:37:00-04:00,24856.0,24836.0,-20.0,L,13,stop
2025-09-29 12:04:00-04:00,24813.0,24850.0,37.0,L,59,tgt
2025-10-01 11:46:00-04:00,24936.0,24975.5,39.5,L,19,tgt
2025-10-01 14:25:00-04:00,25015.5,24995.5,-20.0,L,36,stop
2025-10-02 14:38:00-04:00,25109.75,25113.25,3.5,L,52,time
2025-10-03 12:07:00-04:00,25056.0,25078.75,22.75,L,4,tgt
2025-10-06 14:24:00-04:00,25223.5,25203.5,-20.0,L,22,stop
2025-10-07 10:33:00-04:00,25059.25,25039.25,-20.0,L,3,stop
2025-10-09 11:42:00-04:00,25229.5,25250.0,20.5,L,3,tgt
2025-10-14 14:39:00-04:00,24826.75,24806.75,-20.0,L,1,stop
2025-10-16 10:47:00-04:00,24983.5,24963.5,-20.0,L,2,stop
2025-10-20 10:15:00-04:00,25300.25,25322.0,21.75,L,5,tgt
2025-10-21 12:04:00-04:00,25269.25,25300.0,30.75,L,7,tgt
2025-10-23 12:09:00-04:00,25210.75,25250.0,39.25,L,27,tgt
2025-10-24 15:01:00-04:00,25513.0,25517.5,4.5,L,29,time
2025-10-28 14:51:00-04:00,26181.25,26161.25,-20.0,L,8,stop
2025-10-29 10:05:00-04:00,26265.75,26245.75,-20.0,L,5,stop
2025-10-30 13:17:00-04:00,26009.5,25989.5,-20.0,L,4,stop
2025-10-30 14:18:00-04:00,25940.25,25920.25,-20.0,L,3,stop
2025-11-03 13:06:00-05:00,26117.25,26097.25,-20.0,L,12,stop
2025-11-05 13:09:00-05:00,25834.0,25850.0,16.0,L,1,tgt
2025-11-06 12:27:00-05:00,25313.25,25333.25,-20.0,S,2,stop
2025-11-06 13:07:00-05:00,25389.25,25409.25,-20.0,S,19,stop
2025-11-07 13:45:00-05:00,25077.5,25050.0,27.5,S,2,tgt
2025-11-10 13:00:00-05:00,25658.25,25700.0,41.75,L,42,tgt
2025-11-11 14:23:00-05:00,25657.75,25637.75,-20.0,L,34,stop
2025-11-12 13:16:00-05:00,25595.0,25575.0,-20.0,L,12,stop
2025-11-24 11:41:00-05:00,24920.25,24940.25,-20.0,S,31,stop
2025-11-28 10:28:00-05:00,25382.0,25400.0,18.0,L,5,tgt
2025-12-02 10:33:00-05:00,25451.0,25495.75,44.75,L,5,tgt
2025-12-03 12:59:00-05:00,25629.0,25650.0,21.0,L,8,tgt
2025-12-03 14:52:00-05:00,25666.25,25646.25,-20.0,L,2,stop
2025-12-03 15:09:00-05:00,25648.5,25640.25,-8.25,L,21,time
2025-12-11 14:28:00-05:00,25684.5,25664.5,-20.0,L,3,stop
2025-12-16 10:51:00-05:00,25290.5,25310.5,-20.0,S,5,stop
2025-12-18 11:42:00-05:00,25320.5,25340.5,-20.0,S,2,stop
2025-12-24 11:45:00-05:00,25871.5,25900.0,28.5,L,55,tgt
2025-12-29 15:03:00-05:00,25738.75,25741.75,3.0,L,27,time
2025-12-30 13:06:00-05:00,25722.0,25702.0,-20.0,L,60,stop
2025-12-30 15:05:00-05:00,25675.25,25685.5,10.25,L,25,time
