tol_mult,families,cap,mode,n,nz,hod7.5,lod7.5,rand7.5,hod10,lod10,rand10,min10,min7.5,lift10
0.75,atr+cam+em+ext+ladder+pdc+piv+pw,0,snap,313,58.1917,0.7859,0.8051,0.9708,0.8498,0.8722,0.9985,0.8498,0.7859,-0.13750000000000007
0.75,cam+em+ext+ladder+pdc+piv+pw,0,snap,313,57.0639,0.7764,0.8019,0.9658,0.8466,0.8754,0.9979,0.8466,0.7764,-0.13690000000000002
0.75,atr+cam+em+ext+ladder+pdc+piv+pw,0,mean,313,58.1885,0.7859,0.8019,0.9709,0.8435,0.8754,0.9985,0.8435,0.7859,-0.13905
0.75,cam+em+ext+ladder+pdc+piv+pw,0,mean,313,57.0607,0.7732,0.7987,0.9659,0.8403,0.8786,0.9979,0.8403,0.7732,-0.13844999999999996
1.0,atr+cam+em+ext+ladder+pdc+piv+pw,0,snap,313,53.2812,0.7668,0.8019,0.9501,0.8403,0.8722,0.9963,0.8403,0.7668,-0.14005
1.0,atr+cam+em+ext+ladder+pdc+piv+pw,0,mean,313,53.2748,0.7668,0.7955,0.9501,0.8371,0.8754,0.9963,0.8371,0.7668,-0.14005
1.0,cam+em+ext+ladder+pdc+piv+pw,0,snap,313,52.3738,0.7572,0.7987,0.9427,0.8371,0.8722,0.995,0.8371,0.7572,-0.14035000000000009
1.0,cam+em+ext+ladder+pdc+piv+pw,0,mean,313,52.3674,0.754,0.7923,0.9427,0.8339,0.8786,0.995,0.8339,0.754,-0.13875000000000004
1.5,atr+cam+em+ext+ladder+pdc+piv+pw,0,snap,313,45.5463,0.7476,0.7636,0.8672,0.8243,0.8594,0.9842,0.8243,0.7476,-0.14234999999999998
1.5,cam+em+ext+ladder+pdc+piv+pw,0,snap,313,44.8019,0.7348,0.7572,0.8545,0.8211,0.853,0.9815,0.8211,0.7348,-0.14444999999999997
0.75,atr+cam+em+ext+pdc+piv+pw,0,snap,313,50.0831,0.7412,0.7827,0.9161,0.8179,0.8594,0.9873,0.8179,0.7412,-0.14864999999999995
1.5,atr+cam+em+ext+ladder+pdc+piv+pw,0,mean,313,45.5463,0.738,0.7572,0.8673,0.8147,0.8626,0.9842,0.8147,0.738,-0.14554999999999996
0.75,atr+cam+em+ext+pdc+piv+pw,0,mean,313,50.0799,0.7444,0.7732,0.9161,0.8147,0.8626,0.9874,0.8147,0.7444,-0.14875000000000005
1.5,cam+em+ext+ladder+pdc+piv+pw,0,mean,313,44.8019,0.7284,0.7508,0.8546,0.8115,0.8626,0.9816,0.8115,0.7284,-0.14454999999999996
2.0,atr+cam+em+ext+ladder+pdc+piv+pw,0,mean,313,39.9808,0.7125,0.7284,0.7639,0.8083,0.8435,0.9622,0.8083,0.7125,-0.13629999999999998
0.75,cam+em+ext+pdc+piv+pw,0,snap,313,47.7061,0.7284,0.7668,0.889,0.8083,0.8562,0.9799,0.8083,0.7284,-0.14765000000000006
2.0,cam+em+ext+ladder+pdc+piv+pw,0,mean,313,39.3387,0.6997,0.7188,0.7515,0.8051,0.8435,0.955,0.8051,0.6997,-0.13069999999999993
0.75,cam+em+ext+pdc+piv+pw,0,mean,313,47.7029,0.7252,0.7572,0.8891,0.8051,0.8594,0.9799,0.8051,0.7252,-0.14764999999999995
1.0,atr+cam+em+ext+pdc+piv+pw,0,mean,313,46.278,0.7188,0.7636,0.8745,0.8019,0.8626,0.9808,0.8019,0.7188,-0.14855000000000007
1.0,atr+cam+em+ext+pdc+piv+pw,0,snap,313,46.2843,0.7252,0.7732,0.8745,0.8019,0.8594,0.9808,0.8019,0.7252,-0.15015
2.0,atr+cam+em+ext+ladder+pdc+piv+pw,0,snap,313,39.9776,0.7061,0.722,0.7639,0.7987,0.8371,0.9619,0.7987,0.7061,-0.14400000000000002
2.0,cam+em+ext+ladder+pdc+piv+pw,0,snap,313,39.3355,0.6965,0.7188,0.7515,0.7923,0.8275,0.9547,0.7923,0.6965,-0.14479999999999993
1.0,cam+em+ext+pdc+piv+pw,0,mean,313,44.2236,0.7029,0.7508,0.8422,0.7923,0.8594,0.9712,0.7923,0.7029,-0.14534999999999998
1.0,cam+em+ext+pdc+piv+pw,0,snap,313,44.23,0.7125,0.7604,0.8422,0.7923,0.853,0.9712,0.7923,0.7125,-0.14854999999999996
1.5,atr+cam+em+ext+pdc+piv+pw,0,snap,313,39.9968,0.6965,0.722,0.7662,0.7827,0.8403,0.9519,0.7827,0.6965,-0.14039999999999997
1.5,cam+em+ext+pdc+piv+pw,0,snap,313,38.3898,0.6901,0.7061,0.7352,0.7764,0.8275,0.9328,0.7764,0.6901,-0.13085000000000002
2.0,atr+cam+em+ext+pdc+piv+pw,0,mean,313,35.5431,0.6741,0.6997,0.6787,0.77,0.8275,0.8932,0.77,0.6741,-0.09444999999999992
1.5,atr+cam+em+ext+pdc+piv+pw,0,mean,313,39.9968,0.6901,0.7188,0.7661,0.77,0.8403,0.9521,0.77,0.6901,-0.14694999999999991
2.0,atr+cam+em+ext+pdc+piv+pw,0,snap,313,35.5399,0.6645,0.6997,0.6787,0.7636,0.8243,0.8929,0.7636,0.6645,-0.0989500000000001
2.0,atr+cam+em+ext+ladder+pdc+piv+pw,45,mean,313,35.3035,0.6613,0.6805,0.6916,0.7604,0.7827,0.8845,0.7604,0.6613,-0.11295
1.5,cam+em+ext+pdc+piv+pw,0,mean,313,38.3898,0.6805,0.7029,0.7352,0.7604,0.8339,0.9329,0.7604,0.6805,-0.13574999999999993
2.0,cam+em+ext+pdc+piv+pw,0,mean,313,34.3323,0.6581,0.6709,0.6555,0.7572,0.8147,0.8677,0.7572,0.6581,-0.0817500000000001
2.0,cam+em+ext+ladder+pdc+piv+pw,45,mean,313,34.9425,0.6486,0.6709,0.6839,0.754,0.7859,0.8798,0.754,0.6486,-0.10985
2.0,atr+cam+em+ext+ladder+pdc+piv+pw,45,snap,313,35.3003,0.6581,0.6773,0.6916,0.754,0.7796,0.8841,0.754,0.6581,-0.11730000000000007
0.75,atr+cam+em+pdc+piv+pw,0,snap,313,43.3099,0.6486,0.7508,0.8231,0.754,0.8371,0.9636,0.754,0.6486,-0.16805000000000003
2.0,cam+em+ext+pdc+piv+pw,0,snap,313,34.3291,0.6518,0.6837,0.6555,0.7508,0.8019,0.8674,0.7508,0.6518,-0.09104999999999996
1.5,atr+cam+em+ext+ladder+pdc+piv+pw,45,snap,313,36.7284,0.6613,0.6805,0.7233,0.7508,0.7732,0.8874,0.7508,0.6613,-0.12539999999999996
0.75,atr+cam+em+pdc+piv+pw,0,mean,313,43.3099,0.6486,0.7444,0.8231,0.7508,0.8371,0.9637,0.7508,0.6486,-0.16975000000000007
2.0,cam+em+ext+ladder+pdc+piv+pw,45,snap,313,34.9393,0.6486,0.6741,0.6839,0.7444,0.77,0.8795,0.7444,0.6486,-0.12229999999999996
1.5,atr+cam+em+ext+ladder+pdc+piv+pw,45,mean,313,36.7284,0.6581,0.6741,0.7232,0.7444,0.7764,0.8875,0.7444,0.6581,-0.1271
1.5,cam+em+ext+ladder+pdc+piv+pw,45,snap,313,36.4888,0.655,0.6741,0.7182,0.7444,0.7636,0.8855,0.7444,0.655,-0.13149999999999995
2.0,atr+cam+em+ext+pdc+piv+pw,45,mean,313,32.6997,0.6422,0.6773,0.6365,0.7412,0.7987,0.8401,0.7412,0.6422,-0.07015000000000005
1.0,atr+cam+em+pdc+piv+pw,0,snap,313,40.278,0.639,0.7476,0.7721,0.7412,0.8371,0.9461,0.7412,0.639,-0.15695000000000003
1.5,cam+em+ext+ladder+pdc+piv+pw,45,mean,313,36.4888,0.6454,0.6709,0.7182,0.738,0.7732,0.8856,0.738,0.6454,-0.13
1.0,atr+cam+em+pdc+piv+pw,0,mean,313,40.278,0.6326,0.738,0.7721,0.738,0.8371,0.9462,0.738,0.6326,-0.15865000000000007
2.0,atr+cam+em+ext+pdc+piv+pw,45,snap,313,32.6965,0.6358,0.6773,0.6365,0.7348,0.7987,0.8398,0.7348,0.6358,-0.07304999999999995
0.75,cam+em+pdc+piv+pw,0,snap,313,40.6038,0.6262,0.7284,0.7758,0.7316,0.8211,0.9424,0.7316,0.6262,-0.16604999999999992
0.75,cam+em+pdc+piv+pw,0,mean,313,40.6038,0.623,0.722,0.7758,0.7284,0.8211,0.9425,0.7284,0.623,-0.16774999999999995
2.0,cam+em+ext+pdc+piv+pw,45,mean,313,31.8019,0.6262,0.6581,0.6182,0.7252,0.7987,0.82,0.7252,0.6262,-0.058050000000000046
1.5,cam+em+ext+pdc+piv+pw,45,snap,313,33.9489,0.639,0.6677,0.6643,0.7252,0.7827,0.8586,0.7252,0.639,-0.10465000000000013
1.5,atr+cam+em+ext+pdc+piv+pw,45,snap,313,34.8371,0.639,0.6709,0.6833,0.7252,0.7827,0.8718,0.7252,0.639,-0.11785000000000012
0.75,cam+em+pdc+piv,0,snap,313,39.9649,0.6198,0.7284,0.7645,0.7252,0.8211,0.9376,0.7252,0.6198,-0.16444999999999999
0.75,cam+em+pdc+piv,0,mean,313,39.9649,0.6166,0.722,0.7645,0.722,0.8211,0.9376,0.722,0.6166,-0.16605000000000003
2.0,cam+em+ext+pdc+piv+pw,45,snap,313,31.7987,0.623,0.6709,0.6182,0.7188,0.7859,0.8198,0.7188,0.623,-0.0674499999999999
1.5,atr+cam+em+pdc+piv+pw,0,mean,313,35.23,0.6102,0.6997,0.6746,0.7188,0.8211,0.8822,0.7188,0.6102,-0.11224999999999996
1.5,atr+cam+em+pdc+piv+pw,0,snap,313,35.23,0.6102,0.6965,0.6747,0.7188,0.8179,0.8823,0.7188,0.6102,-0.11395
1.0,cam+em+pdc+piv+pw,0,snap,313,37.8371,0.6198,0.7252,0.7248,0.7188,0.8211,0.9176,0.7188,0.6198,-0.14764999999999995
1.0,cam+em+pdc+piv+pw,0,mean,313,37.8371,0.6102,0.7157,0.7248,0.7157,0.8179,0.9177,0.7157,0.6102,-0.15090000000000003
1.5,atr+cam+em+ext+pdc+piv+pw,45,mean,313,34.8371,0.6294,0.6677,0.6833,0.7125,0.7859,0.8719,0.7125,0.6294,-0.12269999999999992
1.0,cam+em+pdc+piv,0,snap,313,37.3259,0.6134,0.7252,0.715,0.7125,0.8211,0.9114,0.7125,0.6134,-0.14459999999999995
2.0,atr+cam+em+pdc+piv+pw,0,mean,313,31.8403,0.6006,0.6677,0.608,0.7093,0.7987,0.8098,0.7093,0.6006,-0.05579999999999996
1.5,cam+em+ext+pdc+piv+pw,45,mean,313,33.9489,0.6262,0.6645,0.6643,0.7093,0.7923,0.8587,0.7093,0.6262,-0.1079
1.0,cam+em+pdc+piv,0,mean,313,37.3259,0.6038,0.7157,0.715,0.7093,0.8179,0.9114,0.7093,0.6038,-0.14779999999999993
1.0,cam+em+ext+ladder+pdc+piv+pw,45,snap,313,36.7668,0.623,0.6741,0.7223,0.7061,0.7636,0.8799,0.7061,0.623,-0.14505
1.0,atr+cam+em+ext+pdc+piv+pw,45,snap,313,36.2332,0.6294,0.6645,0.7132,0.7061,0.7476,0.8779,0.7061,0.6294,-0.15105000000000002
2.0,atr+cam+em+pdc+piv+pw,0,snap,313,31.8466,0.5911,0.6741,0.6082,0.7029,0.7987,0.81,0.7029,0.5911,-0.05920000000000014
1.0,atr+cam+em+ext+pdc+piv+pw,45,mean,313,36.2268,0.623,0.6581,0.7131,0.7029,0.7572,0.8779,0.7029,0.623,-0.14785000000000004
1.0,atr+cam+em+ext+ladder+pdc+piv+pw,45,snap,313,36.9808,0.623,0.6741,0.7262,0.7029,0.7604,0.8832,0.7029,0.623,-0.15155000000000007
1.5,cam+em+pdc+piv+pw,0,snap,313,33.2748,0.5974,0.6741,0.6363,0.6997,0.7955,0.8403,0.6997,0.5974,-0.0927
1.0,cam+em+ext+ladder+pdc+piv+pw,45,mean,313,36.7604,0.623,0.6677,0.7221,0.6997,0.77,0.8799,0.6997,0.623,-0.14505
1.0,atr+cam+em+ext+ladder+pdc+piv+pw,45,mean,313,36.9744,0.6262,0.6677,0.7261,0.6997,0.7668,0.8832,0.6997,0.6262,-0.14995000000000003
0.75,cam+em+ext+pdc+piv+pw,45,snap,313,36.0319,0.6134,0.655,0.7088,0.6997,0.7412,0.8716,0.6997,0.6134,-0.15115
2.0,atr+cam+em+pdc+piv+pw,45,mean,313,30.1022,0.5879,0.6613,0.5837,0.6965,0.7891,0.7775,0.6965,0.5879,-0.03469999999999995
1.5,cam+em+pdc+piv+pw,0,mean,313,33.2748,0.5911,0.6741,0.6363,0.6965,0.8019,0.8403,0.6965,0.5911,-0.09110000000000007
1.0,cam+em+ext+pdc+piv+pw,45,snap,313,35.639,0.6198,0.6773,0.7009,0.6965,0.754,0.8722,0.6965,0.6198,-0.14695000000000003
0.75,cam+pdc+piv,0,snap,313,37.361,0.5942,0.7093,0.7157,0.6965,0.8019,0.905,0.6965,0.5942,-0.15580000000000005
0.75,cam+em+ext+ladder+pdc+piv+pw,45,snap,313,36.6326,0.607,0.6613,0.7191,0.6965,0.7444,0.8765,0.6965,0.607,-0.1560499999999999
1.5,cam+em+pdc+piv,0,snap,313,32.8978,0.5911,0.6773,0.629,0.6933,0.7955,0.832,0.6933,0.5911,-0.08760000000000001
1.0,cam+em+ext+pdc+piv+pw,45,mean,313,35.6326,0.6102,0.6709,0.7008,0.6933,0.7636,0.8722,0.6933,0.6102,-0.14374999999999993
0.75,cam+pdc+piv,0,mean,313,37.361,0.5911,0.7029,0.7156,0.6933,0.8019,0.9051,0.6933,0.5911,-0.15749999999999997
2.0,cam+em+pdc+piv+pw,0,mean,313,30.2716,0.5815,0.639,0.5773,0.6901,0.7827,0.7693,0.6901,0.5815,-0.03290000000000004
2.0,atr+cam+em+pdc+piv+pw,45,snap,313,30.1054,0.5783,0.6677,0.5838,0.6901,0.7923,0.7777,0.6901,0.5783,-0.036499999999999866
1.5,atr+cam+em+pdc+piv+pw,45,mean,313,32.3291,0.5783,0.6741,0.6307,0.6901,0.7955,0.8284,0.6901,0.5783,-0.08560000000000001
1.5,cam+em+pdc+piv,0,mean,313,32.8978,0.5879,0.6741,0.629,0.6901,0.8019,0.8319,0.6901,0.5879,-0.08589999999999998
1.5,atr+cam+em+pdc+piv+pw,45,snap,313,32.3291,0.5783,0.6709,0.6308,0.6901,0.7923,0.8284,0.6901,0.5783,-0.08719999999999994
1.0,atr+cam+em+pdc+piv+pw,45,snap,313,34.5272,0.5911,0.6965,0.6777,0.6901,0.7891,0.8623,0.6901,0.5911,-0.12269999999999992
1.0,atr+cam+em+pdc+piv+pw,45,mean,313,34.5272,0.5847,0.6901,0.6777,0.6901,0.7891,0.8624,0.6901,0.5847,-0.12280000000000002
1.0,cam+pdc+piv,0,snap,313,34.9712,0.5879,0.7061,0.6695,0.6901,0.8019,0.8709,0.6901,0.5879,-0.12490000000000001
0.75,cam+em+ext+pdc+piv+pw,45,mean,313,36.0288,0.6102,0.6454,0.7087,0.6901,0.7476,0.8717,0.6901,0.6102,-0.15285000000000004
1.0,cam+pdc+piv,0,mean,313,34.9712,0.5783,0.6997,0.6695,0.6869,0.7987,0.8709,0.6869,0.5783,-0.1281000000000001
0.75,atr+cam+em+pdc+piv+pw,45,snap,313,35.492,0.5847,0.6901,0.6977,0.6869,0.7764,0.8706,0.6869,0.5847,-0.13895000000000013
0.75,cam+em+ext+ladder+pdc+piv+pw,45,mean,313,36.6294,0.6102,0.655,0.719,0.6869,0.7508,0.8766,0.6869,0.6102,-0.15775000000000006
2.0,cam+em+pdc+piv,0,mean,313,30.0192,0.5751,0.639,0.5726,0.6837,0.7827,0.763,0.6837,0.5751,-0.02980000000000005
0.75,atr+cam+em+pdc+piv+pw,45,mean,313,35.492,0.5847,0.6837,0.6977,0.6837,0.7732,0.8707,0.6837,0.5847,-0.14225
0.75,atr+cam+em+ext+pdc+piv+pw,45,snap,313,36.4473,0.5942,0.6581,0.7164,0.6837,0.7348,0.8757,0.6837,0.5942,-0.1664500000000001
2.0,cam+em+pdc+piv+pw,0,snap,313,30.278,0.5719,0.655,0.5774,0.6773,0.7732,0.7695,0.6773,0.5719,-0.04425000000000001
1.0,cam+em+pdc+piv+pw,45,snap,313,33.0415,0.5783,0.6933,0.6469,0.6773,0.7891,0.8387,0.6773,0.5783,-0.10549999999999993
0.75,cam+em+pdc+piv+pw,45,snap,313,34.1278,0.5655,0.6837,0.6696,0.6773,0.7764,0.8522,0.6773,0.5655,-0.12534999999999996
0.75,atr+cam+em+ext+ladder+pdc+piv+pw,45,snap,313,36.8498,0.5815,0.6677,0.7232,0.6773,0.7476,0.8798,0.6773,0.5815,-0.16735
2.0,cam+em+pdc+piv+pw,45,mean,313,28.77,0.5655,0.6358,0.5566,0.6741,0.7796,0.7418,0.6741,0.5655,-0.014950000000000019
1.0,cam+em+pdc+piv+pw,45,mean,313,33.0415,0.5687,0.6869,0.6468,0.6741,0.7859,0.8388,0.6741,0.5687,-0.10880000000000001
0.75,cam+em+pdc+piv+pw,45,mean,313,34.1278,0.5623,0.6773,0.6696,0.6741,0.7732,0.8523,0.6741,0.5623,-0.12864999999999993
0.75,atr+cam+em+ext+pdc+piv+pw,45,mean,313,36.4441,0.6006,0.6454,0.7164,0.6741,0.7412,0.8758,0.6741,0.6006,-0.16815000000000002
2.0,cam+em+pdc+piv,0,snap,313,30.0192,0.5655,0.6581,0.5726,0.6709,0.7732,0.7631,0.6709,0.5655,-0.04104999999999992
1.5,cam+pdc+piv,0,mean,313,31.0383,0.5591,0.6613,0.593,0.6709,0.7796,0.788,0.6709,0.5591,-0.06275000000000008
1.5,cam+em+pdc+piv+pw,45,snap,313,30.8914,0.5687,0.6677,0.6011,0.6709,0.7859,0.7953,0.6709,0.5687,-0.06689999999999996
1.0,cam+em+pdc+piv,45,snap,313,32.8371,0.5687,0.6997,0.6425,0.6709,0.7923,0.8361,0.6709,0.5687,-0.10449999999999993
0.75,cam+em+pdc+piv,45,snap,313,33.8626,0.5591,0.6933,0.6646,0.6709,0.7827,0.8501,0.6709,0.5591,-0.12329999999999997
2.0,cam+em+pdc+piv,45,mean,313,28.5751,0.5591,0.6358,0.5529,0.6677,0.7796,0.7368,0.6677,0.5591,-0.013150000000000106
1.5,cam+pdc+piv,0,snap,313,31.0383,0.5623,0.6677,0.593,0.6677,0.7796,0.788,0.6677,0.5623,-0.06435000000000013
1.5,cam+em+pdc+piv+pw,45,mean,313,30.8914,0.5623,0.6677,0.6011,0.6677,0.7923,0.7953,0.6677,0.5623,-0.06530000000000002
1.0,cam+em+pdc+piv,45,mean,313,32.8371,0.5591,0.6901,0.6425,0.6677,0.7891,0.8362,0.6677,0.5591,-0.10780000000000012
0.75,cam+em+pdc+piv,45,mean,313,33.8626,0.5559,0.6869,0.6646,0.6677,0.7827,0.8501,0.6677,0.5559,-0.12490000000000001
0.75,atr+cam+em+ext+ladder+pdc+piv+pw,45,mean,313,36.8466,0.5942,0.6613,0.7231,0.6677,0.754,0.8799,0.6677,0.5942,-0.16905000000000003
1.5,cam+em+pdc+piv,45,snap,313,30.6581,0.5623,0.6709,0.5963,0.6645,0.7859,0.79,0.6645,0.5623,-0.06479999999999997
2.0,cam+pdc+piv,0,mean,313,28.5463,0.5495,0.6326,0.5443,0.6613,0.7636,0.7256,0.6613,0.5495,-0.013149999999999995
2.0,cam+em+pdc+piv+pw,45,snap,313,28.7732,0.5559,0.6518,0.5567,0.6613,0.77,0.7419,0.6613,0.5559,-0.026249999999999996
1.5,cam+em+pdc+piv,45,mean,313,30.6581,0.5591,0.6677,0.5963,0.6613,0.7923,0.7899,0.6613,0.5591,-0.06310000000000004
2.0,cam+em+pdc+piv,45,snap,313,28.5719,0.5495,0.655,0.5528,0.655,0.77,0.7368,0.655,0.5495,-0.02429999999999999
2.0,cam+pdc+piv,45,mean,313,27.3131,0.5399,0.6326,0.5278,0.6518,0.7636,0.7036,0.6518,0.5399,0.0040999999999999925
2.0,cam+pdc+piv,0,snap,313,28.5463,0.5399,0.6518,0.5443,0.6518,0.7604,0.7256,0.6518,0.5399,-0.019500000000000073
1.5,cam+pdc+piv,45,mean,313,29.2077,0.5399,0.6581,0.5672,0.6518,0.7732,0.754,0.6518,0.5399,-0.04149999999999998
1.5,cam+pdc+piv,45,snap,313,29.2077,0.5431,0.6645,0.5672,0.6486,0.7732,0.7541,0.6486,0.5431,-0.043200000000000016
1.0,cam+pdc+piv,45,snap,313,31.2716,0.5431,0.6837,0.611,0.6486,0.77,0.8043,0.6486,0.5431,-0.09499999999999997
0.75,cam+pdc+piv,45,snap,313,32.3227,0.5399,0.6805,0.6336,0.6486,0.7668,0.8231,0.6486,0.5399,-0.11540000000000006
1.0,cam+pdc+piv,45,mean,313,31.2716,0.5335,0.6773,0.611,0.6454,0.7668,0.8044,0.6454,0.5335,-0.09830000000000005
0.75,cam+pdc+piv,45,mean,313,32.3227,0.5335,0.6741,0.6336,0.6454,0.7668,0.8232,0.6454,0.5335,-0.11710000000000009
2.0,cam+pdc+piv,45,snap,313,27.3131,0.5304,0.6518,0.5278,0.6422,0.7604,0.7036,0.6422,0.5304,-0.0022999999999999687
2.0,cam+em+pdc+piv,30,mean,313,22.8179,0.4888,0.5495,0.4497,0.5815,0.6741,0.5996,0.5815,0.4888,0.028200000000000003
2.0,cam+em+pdc+piv+pw,30,mean,313,22.8371,0.492,0.5431,0.45,0.5783,0.6709,0.6,0.5783,0.492,0.024600000000000066
2.0,atr+cam+em+pdc+piv+pw,30,mean,313,23.246,0.4824,0.5655,0.459,0.5719,0.6869,0.612,0.5719,0.4824,0.01739999999999997
2.0,cam+em+pdc+piv,30,snap,313,22.8147,0.4824,0.5687,0.4496,0.5719,0.6613,0.5995,0.5719,0.4824,0.017100000000000004
2.0,cam+em+pdc+piv+pw,30,snap,313,22.8403,0.4856,0.5623,0.4501,0.5687,0.6581,0.6001,0.5687,0.4856,0.013299999999999979
2.0,atr+cam+em+pdc+piv+pw,30,snap,313,23.2492,0.476,0.5751,0.4591,0.5655,0.6869,0.6121,0.5655,0.476,0.014100000000000001
1.5,cam+em+ext+pdc+piv+pw,30,snap,313,23.3578,0.4824,0.5304,0.4621,0.5655,0.623,0.6157,0.5655,0.4824,-0.02145000000000008
2.0,cam+em+ext+ladder+pdc+piv+pw,30,snap,313,24.016,0.4792,0.5208,0.4751,0.5655,0.6262,0.6327,0.5655,0.4792,-0.03685000000000005
2.0,cam+em+ext+ladder+pdc+piv+pw,30,mean,313,24.0192,0.4728,0.5335,0.4751,0.5623,0.6581,0.6326,0.5623,0.4728,-0.022399999999999975
2.0,atr+cam+em+ext+ladder+pdc+piv+pw,30,mean,313,24.1629,0.476,0.5335,0.4779,0.5623,0.655,0.6364,0.5623,0.476,-0.02774999999999994
1.5,atr+cam+em+ext+pdc+piv+pw,30,snap,313,23.5559,0.476,0.5304,0.4662,0.5623,0.623,0.621,0.5623,0.476,-0.028349999999999986
0.75,base,0,mean,313,28.6134,0.4633,0.5783,0.545,0.5591,0.6869,0.7215,0.5591,0.4633,-0.09850000000000003
2.0,cam+pdc+piv,30,mean,313,22.2843,0.4665,0.5527,0.4381,0.5559,0.6805,0.5841,0.5559,0.4665,0.03410000000000002
1.5,cam+pdc+piv,30,snap,313,22.7348,0.4696,0.5655,0.4484,0.5559,0.6677,0.5979,0.5559,0.4696,0.013899999999999912
2.0,atr+cam+em+ext+pdc+piv+pw,30,mean,313,23.607,0.4601,0.5527,0.4667,0.5559,0.6709,0.622,0.5559,0.4601,-0.008600000000000052
1.5,cam+em+ext+ladder+pdc+piv+pw,30,snap,313,23.9617,0.4633,0.5304,0.4744,0.5559,0.6326,0.6316,0.5559,0.4633,-0.037350000000000105
2.0,atr+cam+em+ext+ladder+pdc+piv+pw,30,snap,313,24.1597,0.4696,0.5208,0.4779,0.5559,0.6294,0.6364,0.5559,0.4696,-0.04375000000000007
1.0,base,0,mean,313,27.0958,0.4601,0.5655,0.5158,0.5559,0.6837,0.6864,0.5559,0.4601,-0.0666000000000001
0.75,base,0,snap,313,28.6134,0.4569,0.5847,0.545,0.5559,0.6901,0.7214,0.5559,0.4569,-0.09840000000000004
2.0,cam+pdc+piv,30,snap,313,22.2812,0.4633,0.5719,0.438,0.5527,0.6773,0.5841,0.5527,0.4633,0.03090000000000004
1.5,cam+em+pdc+piv,30,snap,313,23.147,0.4665,0.5431,0.4575,0.5527,0.6518,0.6098,0.5527,0.4665,-0.007550000000000057
2.0,cam+em+ext+pdc+piv+pw,30,mean,313,23.3898,0.4601,0.5367,0.4624,0.5527,0.6645,0.6163,0.5527,0.4601,-0.007699999999999929
1.5,cam+em+pdc+piv+pw,30,snap,313,23.1565,0.4665,0.5399,0.4578,0.5527,0.6454,0.6102,0.5527,0.4665,-0.011149999999999993
2.0,cam+em+ext+pdc+piv+pw,30,snap,313,23.3866,0.4601,0.5527,0.4625,0.5527,0.6454,0.6164,0.5527,0.4601,-0.017349999999999977
1.0,base,0,snap,313,27.0958,0.4537,0.5815,0.5158,0.5527,0.6869,0.6864,0.5527,0.4537,-0.0666000000000001
1.5,cam+pdc+piv,30,mean,313,22.7348,0.4537,0.5559,0.4484,0.5495,0.6677,0.5979,0.5495,0.4537,0.010700000000000043
2.0,atr+cam+em+ext+pdc+piv+pw,30,snap,313,23.6038,0.4601,0.5591,0.4667,0.5495,0.6581,0.622,0.5495,0.4601,-0.018199999999999994
1.5,base,0,mean,313,24.7188,0.4441,0.5527,0.47,0.5495,0.6645,0.6267,0.5495,0.4441,-0.01970000000000005
1.5,atr+cam+em+ext+pdc+piv+pw,30,mean,313,23.5559,0.4377,0.5272,0.4661,0.5463,0.639,0.6209,0.5463,0.4377,-0.028249999999999997
0.75,base,45,mean,313,26.2748,0.4505,0.5719,0.5115,0.5463,0.6741,0.6791,0.5463,0.4505,-0.06889999999999996
2.0,base,0,mean,313,23.655,0.4313,0.5399,0.4492,0.5431,0.6613,0.5989,0.5431,0.4313,0.0033000000000000806
1.5,cam+em+pdc+piv,30,mean,313,23.147,0.4473,0.5399,0.4574,0.5431,0.6581,0.6098,0.5431,0.4473,-0.009199999999999986
1.5,base,45,mean,313,23.8594,0.4377,0.5495,0.4591,0.5431,0.6613,0.6121,0.5431,0.4377,-0.009899999999999909
1.5,cam+em+pdc+piv+pw,30,mean,313,23.1565,0.4441,0.5367,0.4577,0.5431,0.6518,0.6102,0.5431,0.4441,-0.012749999999999928
1.5,base,0,snap,313,24.7188,0.4409,0.5655,0.47,0.5431,0.6709,0.6267,0.5431,0.4409,-0.01970000000000005
1.5,cam+em+ext+pdc+piv+pw,30,mean,313,23.3578,0.4505,0.5272,0.4621,0.5431,0.639,0.6156,0.5431,0.4505,-0.02454999999999996
1.0,atr+cam+em+ext+ladder+pdc+piv+pw,30,mean,313,24.1086,0.4505,0.5272,0.4775,0.5431,0.6422,0.6357,0.5431,0.4505,-0.04305000000000003
1.0,cam+em+ext+ladder+pdc+piv+pw,30,snap,313,23.9265,0.4569,0.5176,0.4738,0.5431,0.6134,0.6309,0.5431,0.4569,-0.052650000000000086
0.75,base,45,snap,313,26.2748,0.4441,0.5783,0.5115,0.5431,0.6773,0.6791,0.5431,0.4441,-0.06889999999999996
2.0,base,45,mean,313,22.984,0.4281,0.5399,0.4409,0.5399,0.6613,0.5878,0.5399,0.4281,0.012800000000000034
1.5,atr+cam+em+pdc+piv+pw,30,snap,313,23.4409,0.4441,0.5335,0.4641,0.5399,0.6422,0.6183,0.5399,0.4441,-0.027249999999999885
1.0,atr+cam+em+ext+pdc+piv+pw,30,mean,313,23.4601,0.4409,0.524,0.4644,0.5399,0.6262,0.6184,0.5399,0.4409,-0.03534999999999988
1.0,atr+cam+em+ext+pdc+piv+pw,30,snap,313,23.4665,0.4473,0.5335,0.4646,0.5399,0.6166,0.6186,0.5399,0.4473,-0.04035
1.0,cam+em+ext+ladder+pdc+piv+pw,30,mean,313,23.9201,0.4505,0.5208,0.4737,0.5399,0.6326,0.6307,0.5399,0.4505,-0.04444999999999999
1.5,atr+cam+em+ext+ladder+pdc+piv+pw,30,snap,313,24.1246,0.4601,0.5431,0.4775,0.5399,0.6422,0.6358,0.5399,0.4601,-0.044749999999999956
1.0,base,45,mean,313,25.476,0.4409,0.5559,0.4937,0.5399,0.6709,0.6571,0.5399,0.4409,-0.05169999999999997
1.0,atr+cam+em+ext+ladder+pdc+piv+pw,30,snap,313,24.115,0.4505,0.5304,0.4776,0.5399,0.623,0.6359,0.5399,0.4505,-0.05445
1.5,base,45,snap,313,23.8594,0.4345,0.5623,0.4591,0.5367,0.6677,0.6121,0.5367,0.4345,-0.00990000000000002
1.5,atr+cam+em+pdc+piv+pw,30,mean,313,23.4409,0.4249,0.5304,0.4641,0.5367,0.6454,0.6183,0.5367,0.4249,-0.027249999999999996
1.0,base,45,snap,313,25.476,0.4345,0.5719,0.4937,0.5367,0.6741,0.6571,0.5367,0.4345,-0.05170000000000008
1.0,cam+em+ext+pdc+piv+pw,30,snap,313,23.3099,0.4569,0.5367,0.4614,0.5335,0.6134,0.6144,0.5335,0.4569,-0.04094999999999993
2.0,base,0,snap,313,23.6518,0.4153,0.5623,0.4491,0.5304,0.6645,0.5988,0.5304,0.4153,-0.0013499999999999623
1.5,cam+em+ext+ladder+pdc+piv+pw,30,mean,313,23.9617,0.4313,0.5304,0.4743,0.5304,0.6486,0.6315,0.5304,0.4313,-0.04200000000000004
2.0,base,45,snap,313,22.9808,0.4121,0.5623,0.4408,0.5272,0.6645,0.5878,0.5272,0.4121,0.008050000000000002
1.0,cam+em+ext+pdc+piv+pw,30,mean,313,23.3035,0.4441,0.5272,0.4613,0.5272,0.6262,0.6142,0.5272,0.4441,-0.03749999999999998
1.0,cam+pdc+piv,30,snap,313,22.9329,0.4505,0.5591,0.4532,0.524,0.6358,0.6042,0.524,0.4505,-0.024299999999999877
1.5,atr+cam+em+ext+ladder+pdc+piv+pw,30,mean,313,24.1246,0.4249,0.5431,0.4774,0.524,0.655,0.6357,0.524,0.4249,-0.04620000000000002
1.0,cam+pdc+piv,30,mean,313,22.9329,0.4345,0.5527,0.4532,0.5208,0.6326,0.6042,0.5208,0.4345,-0.02749999999999997
0.75,atr+cam+em+ext+pdc+piv+pw,30,snap,313,23.3035,0.4185,0.5367,0.4612,0.5144,0.607,0.6141,0.5144,0.4185,-0.0534
0.75,cam+pdc+piv,30,snap,313,22.9425,0.4281,0.5527,0.4539,0.5112,0.623,0.6051,0.5112,0.4281,-0.038000000000000034
0.75,atr+cam+em+ext+pdc+piv+pw,30,mean,313,23.3003,0.4217,0.524,0.4611,0.5112,0.6134,0.614,0.5112,0.4217,-0.05169999999999997
1.0,cam+em+pdc+piv,30,snap,313,23.1917,0.4377,0.5559,0.4591,0.508,0.639,0.6117,0.508,0.4377,-0.03820000000000001
0.75,cam+pdc+piv,30,mean,313,22.9425,0.4217,0.5463,0.4539,0.508,0.623,0.605,0.508,0.4217,-0.03949999999999998
1.0,atr+cam+em+pdc+piv+pw,30,mean,313,23.3546,0.4217,0.5176,0.4625,0.508,0.6134,0.6159,0.508,0.4217,-0.05520000000000003
1.0,atr+cam+em+pdc+piv+pw,30,snap,313,23.3546,0.4345,0.5272,0.4625,0.508,0.6134,0.6159,0.508,0.4345,-0.05520000000000003
1.0,cam+em+pdc+piv,30,mean,313,23.1917,0.4249,0.5463,0.4591,0.5048,0.639,0.6117,0.5048,0.4249,-0.03979999999999995
0.75,cam+em+pdc+piv,30,snap,313,23.099,0.4281,0.5495,0.4574,0.5048,0.623,0.6093,0.5048,0.4281,-0.045399999999999885
0.75,cam+em+ext+pdc+piv+pw,30,snap,313,23.1342,0.4121,0.5399,0.4578,0.5048,0.607,0.6095,0.5048,0.4121,-0.05359999999999998
0.75,atr+cam+em+pdc+piv+pw,30,snap,313,23.1821,0.4185,0.5272,0.4591,0.5048,0.6006,0.6112,0.5048,0.4185,-0.058499999999999996
0.75,cam+em+ext+ladder+pdc+piv+pw,30,mean,313,23.7316,0.4185,0.5112,0.47,0.5048,0.607,0.6258,0.5048,0.4185,-0.06989999999999996
0.75,cam+em+ext+ladder+pdc+piv+pw,30,snap,313,23.7348,0.4185,0.5176,0.4701,0.5048,0.5911,0.6259,0.5048,0.4185,-0.07795000000000007
0.75,atr+cam+em+ext+ladder+pdc+piv+pw,30,mean,313,23.9521,0.4153,0.508,0.4742,0.5048,0.6006,0.6314,0.5048,0.4153,-0.07869999999999999
0.75,atr+cam+em+ext+ladder+pdc+piv+pw,30,snap,313,23.9553,0.4089,0.5176,0.4743,0.5048,0.5879,0.6316,0.5048,0.4089,-0.08525000000000005
1.0,cam+em+pdc+piv+pw,30,snap,313,23.2045,0.4345,0.5463,0.4593,0.5016,0.6358,0.6119,0.5016,0.4345,-0.043200000000000016
0.75,cam+em+pdc+piv,30,mean,313,23.099,0.4217,0.5431,0.4574,0.5016,0.623,0.6093,0.5016,0.4217,-0.04699999999999993
0.75,cam+em+pdc+piv+pw,30,snap,313,23.1022,0.4217,0.5463,0.4574,0.5016,0.6198,0.6093,0.5016,0.4217,-0.04859999999999998
0.75,cam+em+ext+pdc+piv+pw,30,mean,313,23.131,0.4089,0.5304,0.4577,0.5016,0.6166,0.6094,0.5016,0.4089,-0.05030000000000001
0.75,atr+cam+em+pdc+piv+pw,30,mean,313,23.1821,0.4121,0.5208,0.459,0.5016,0.6006,0.6112,0.5016,0.4121,-0.06009999999999993
1.0,cam+em+pdc+piv+pw,30,mean,313,23.2045,0.4217,0.5399,0.4593,0.4984,0.6358,0.6118,0.4984,0.4217,-0.04469999999999996
0.75,cam+em+pdc+piv+pw,30,mean,313,23.1022,0.4153,0.5399,0.4574,0.4984,0.6198,0.6093,0.4984,0.4153,-0.05019999999999991
2.0,base,30,mean,313,19.6581,0.3674,0.492,0.384,0.476,0.6102,0.5121,0.476,0.3674,0.030999999999999917
1.5,base,30,mean,313,19.9265,0.3674,0.5016,0.39,0.4728,0.6102,0.5201,0.4728,0.3674,0.021399999999999975
1.5,base,30,snap,313,19.9265,0.3642,0.5144,0.3901,0.4665,0.6166,0.5201,0.4665,0.3642,0.02144999999999997
2.0,base,30,snap,313,19.655,0.3546,0.5144,0.384,0.4633,0.6134,0.512,0.4633,0.3546,0.026349999999999985
1.0,base,30,snap,313,20.3898,0.361,0.524,0.3999,0.4537,0.623,0.5332,0.4537,0.361,0.005149999999999988
1.0,base,30,mean,313,20.3898,0.3674,0.508,0.3999,0.4537,0.6198,0.5332,0.4537,0.3674,0.003550000000000053
0.75,base,30,snap,313,20.655,0.3578,0.5176,0.4057,0.4473,0.6166,0.5409,0.4473,0.3578,-0.008950000000000014
0.75,base,30,mean,313,20.655,0.3642,0.5112,0.4057,0.4473,0.6134,0.5409,0.4473,0.3642,-0.01055000000000006
