label,n_zones,w_rate,avg_rate,max_rate,touches,lift,n5,n8,dimension,param_val,tol_mult,score_exp_val
ALL features,47,0.0791,0.0866,0.25,3524.0,-0.0399,3,2,feature_ablation,,,
No ledge,47,0.0791,0.0866,0.25,3524.0,-0.0399,3,2,feature_ablation,,,
No lvn,39,0.0776,0.0855,0.25,3193.0,-0.0414,3,2,feature_ablation,,,
No pdh,41,0.0766,0.0805,0.157,3182.0,-0.0424,0,0,feature_ablation,,,
No pdl,40,0.0755,0.0845,0.25,2949.0,-0.0435,3,2,feature_ablation,,,
No pwh,47,0.0791,0.0866,0.25,3524.0,-0.0399,3,2,feature_ablation,,,
No pwl,47,0.0791,0.0866,0.25,3524.0,-0.0399,3,2,feature_ablation,,,
No shelf,34,0.0857,0.094,0.25,2345.0,-0.0333,3,2,feature_ablation,,,
No vah,47,0.0788,0.0863,0.25,3525.0,-0.0402,3,2,feature_ablation,,,
No val,43,0.08,0.0874,0.25,3070.0,-0.039,3,2,feature_ablation,,,
Only ledge,0,0.0,0.0,0.0,0.0,-0.11900097943192949,0,0,feature_solo,,,
Only lvn,8,0.0933,0.0921,0.14,331.0,-0.0257,0,0,feature_solo,,,
Only pdh,10,0.0768,0.0987,0.25,728.0,-0.0422,3,2,feature_solo,,,
Only pdl,9,0.0995,0.0987,0.157,694.0,-0.0195,0,0,feature_solo,,,
Only pwh,1,0.027,0.027,0.027,73.0,-0.092,0,0,feature_solo,,,
Only pwl,1,0.157,0.157,0.157,70.0,0.038,0,0,feature_solo,,,
Only shelf,20,0.0653,0.0683,0.147,1680.0,-0.0537,0,0,feature_solo,,,
Only vah,3,0.0866,0.0917,0.103,138.0,-0.0324,0,0,feature_solo,,,
Only val,4,0.0729,0.0775,0.108,454.0,-0.0461,0,0,feature_solo,,,
ALL timeframes,47,0.0791,0.0866,0.25,3524.0,-0.0399,3,2,tf_contribution,,,
No 30d,43,0.0799,0.0879,0.25,3302.0,-0.0391,3,2,tf_contribution,,,
No 60d,41,0.0777,0.0862,0.25,3075.0,-0.0413,3,2,tf_contribution,,,
No 90d,38,0.0801,0.0874,0.25,2808.0,-0.0389,3,2,tf_contribution,,,
No weekly,43,0.0819,0.0891,0.25,3111.0,-0.0371,3,2,tf_contribution,,,
Only 30d,28,0.0819,0.0905,0.25,1954.0,-0.0371,3,2,tf_solo,,,
Only 60d,30,0.0866,0.0931,0.25,2018.0,-0.0324,3,2,tf_solo,,,
Only 90d,28,0.0866,0.0956,0.25,2008.0,-0.0324,3,2,tf_solo,,,
Only weekly,25,0.0797,0.0899,0.25,2044.0,-0.0393,3,2,tf_solo,,,
hvn=0.080,53,0.0785,0.0849,0.255,3942.0,-0.0405,3,2,hvn_prominence,0.08,,
hvn=0.110,50,0.0801,0.0871,0.255,3728.0,-0.0389,3,2,hvn_prominence,0.11,,
hvn=0.140,48,0.0799,0.0872,0.25,3611.0,-0.0391,3,2,hvn_prominence,0.14,,
hvn=0.170,47,0.0791,0.0866,0.25,3524.0,-0.0399,3,2,hvn_prominence,0.17,,
hvn=0.200,46,0.0798,0.0871,0.25,3356.0,-0.0392,3,2,hvn_prominence,0.2,,
hvn=0.230,46,0.0798,0.0871,0.25,3355.0,-0.0392,3,2,hvn_prominence,0.23,,
hvn=0.260,46,0.0798,0.0871,0.25,3355.0,-0.0392,3,2,hvn_prominence,0.26,,
hvn=0.290,42,0.079,0.0869,0.25,2986.0,-0.04,3,2,hvn_prominence,0.29,,
hvn=0.320,42,0.079,0.0869,0.25,2986.0,-0.04,3,2,hvn_prominence,0.32,,
hvn=0.350,40,0.0806,0.0888,0.25,2841.0,-0.0384,3,2,hvn_prominence,0.35,,
lvn=0.200,41,0.078,0.0854,0.25,3293.0,-0.041,3,2,lvn_depth,0.2,,
lvn=0.267,41,0.078,0.0854,0.25,3293.0,-0.041,3,2,lvn_depth,0.267,,
lvn=0.333,43,0.079,0.0865,0.25,3375.0,-0.04,3,2,lvn_depth,0.333,,
lvn=0.400,44,0.0794,0.0876,0.25,3397.0,-0.0396,3,2,lvn_depth,0.4,,
lvn=0.467,46,0.0791,0.0867,0.25,3500.0,-0.0399,3,2,lvn_depth,0.467,,
lvn=0.533,47,0.0791,0.0866,0.25,3524.0,-0.0399,3,2,lvn_depth,0.533,,
lvn=0.600,47,0.0791,0.0866,0.25,3524.0,-0.0399,3,2,lvn_depth,0.6,,
lvn=0.667,47,0.079,0.0863,0.25,3527.0,-0.04,3,2,lvn_depth,0.667,,
lvn=0.733,48,0.0791,0.0864,0.25,3560.0,-0.0399,3,2,lvn_depth,0.733,,
lvn=0.800,48,0.0791,0.0864,0.25,3560.0,-0.0399,3,2,lvn_depth,0.8,,
sh=0.03/ld=0.15,45,0.0796,0.0877,0.25,3425.0,-0.0394,3,2,shelf_ledge,0.03,,
sh=0.03/ld=0.25,45,0.0796,0.0877,0.25,3425.0,-0.0394,3,2,shelf_ledge,0.03,,
sh=0.03/ld=0.35,45,0.0796,0.0877,0.25,3425.0,-0.0394,3,2,shelf_ledge,0.03,,
sh=0.03/ld=0.45,45,0.0796,0.0877,0.25,3425.0,-0.0394,3,2,shelf_ledge,0.03,,
sh=0.06/ld=0.15,46,0.0794,0.0872,0.25,3459.0,-0.0396,3,2,shelf_ledge,0.064,,
sh=0.06/ld=0.25,46,0.0794,0.0872,0.25,3459.0,-0.0396,3,2,shelf_ledge,0.064,,
sh=0.06/ld=0.35,46,0.0794,0.0872,0.25,3459.0,-0.0396,3,2,shelf_ledge,0.064,,
sh=0.06/ld=0.45,46,0.0794,0.0872,0.25,3459.0,-0.0396,3,2,shelf_ledge,0.064,,
sh=0.10/ld=0.15,47,0.0791,0.0866,0.25,3524.0,-0.0399,3,2,shelf_ledge,0.098,,
sh=0.10/ld=0.25,47,0.0791,0.0866,0.25,3524.0,-0.0399,3,2,shelf_ledge,0.098,,
sh=0.10/ld=0.35,47,0.0791,0.0866,0.25,3524.0,-0.0399,3,2,shelf_ledge,0.098,,
sh=0.10/ld=0.45,47,0.0791,0.0866,0.25,3524.0,-0.0399,3,2,shelf_ledge,0.098,,
sh=0.13/ld=0.15,47,0.0791,0.0866,0.25,3524.0,-0.0399,3,2,shelf_ledge,0.132,,
sh=0.13/ld=0.25,47,0.0791,0.0866,0.25,3524.0,-0.0399,3,2,shelf_ledge,0.132,,
sh=0.13/ld=0.35,47,0.0791,0.0866,0.25,3524.0,-0.0399,3,2,shelf_ledge,0.132,,
sh=0.13/ld=0.45,47,0.0791,0.0866,0.25,3524.0,-0.0399,3,2,shelf_ledge,0.132,,
sh=0.17/ld=0.25,47,0.0791,0.0866,0.25,3524.0,-0.0399,3,2,shelf_ledge,0.166,,
sh=0.17/ld=0.35,47,0.0791,0.0866,0.25,3524.0,-0.0399,3,2,shelf_ledge,0.166,,
sh=0.17/ld=0.45,47,0.0791,0.0866,0.25,3524.0,-0.0399,3,2,shelf_ledge,0.166,,
sh=0.20/ld=0.25,47,0.0791,0.0866,0.25,3524.0,-0.0399,3,2,shelf_ledge,0.2,,
sh=0.20/ld=0.35,47,0.0791,0.0866,0.25,3524.0,-0.0399,3,2,shelf_ledge,0.2,,
sh=0.20/ld=0.45,47,0.0791,0.0866,0.25,3524.0,-0.0399,3,2,shelf_ledge,0.2,,
tol=0.8/exp=1.0,56,0.0774,0.0841,0.25,4120.0,-0.0417,3,2,stacking,,0.8,1.0
tol=0.8/exp=1.5,56,0.0774,0.0841,0.25,4120.0,-0.0417,3,2,stacking,,0.8,1.5
tol=0.8/exp=2.0,56,0.0774,0.0841,0.25,4120.0,-0.0417,3,2,stacking,,0.8,2.0
tol=0.8/exp=2.5,56,0.0774,0.0841,0.25,4120.0,-0.0417,3,2,stacking,,0.8,2.5
tol=0.8/exp=3.0,56,0.0774,0.0841,0.25,4120.0,-0.0417,3,2,stacking,,0.8,3.0
tol=1.0/exp=1.0,48,0.0787,0.0862,0.25,3654.0,-0.0403,3,2,stacking,,1.0,1.0
tol=1.0/exp=1.5,48,0.0787,0.0862,0.25,3654.0,-0.0403,3,2,stacking,,1.0,1.5
tol=1.0/exp=2.0,48,0.0787,0.0862,0.25,3654.0,-0.0403,3,2,stacking,,1.0,2.0
tol=1.0/exp=2.5,48,0.0787,0.0862,0.25,3654.0,-0.0403,3,2,stacking,,1.0,2.5
tol=1.0/exp=3.0,48,0.0787,0.0862,0.25,3654.0,-0.0403,3,2,stacking,,1.0,3.0
tol=1.5/exp=1.0,47,0.0791,0.0866,0.25,3524.0,-0.0399,3,2,stacking,,1.5,1.0
tol=1.5/exp=1.5,47,0.0791,0.0866,0.25,3524.0,-0.0399,3,2,stacking,,1.5,1.5
tol=1.5/exp=2.0,47,0.0791,0.0866,0.25,3524.0,-0.0399,3,2,stacking,,1.5,2.0
tol=1.5/exp=2.5,47,0.0791,0.0866,0.25,3524.0,-0.0399,3,2,stacking,,1.5,2.5
tol=1.5/exp=3.0,47,0.0791,0.0866,0.25,3524.0,-0.0399,3,2,stacking,,1.5,3.0
tol=2.0/exp=1.0,39,0.0791,0.0862,0.25,2945.0,-0.0399,2,2,stacking,,2.0,1.0
tol=2.0/exp=1.5,39,0.0791,0.0862,0.25,2945.0,-0.0399,2,2,stacking,,2.0,1.5
tol=2.0/exp=2.0,39,0.0791,0.0862,0.25,2945.0,-0.0399,2,2,stacking,,2.0,2.0
tol=2.0/exp=2.5,39,0.0791,0.0862,0.25,2945.0,-0.0399,2,2,stacking,,2.0,2.5
tol=2.0/exp=3.0,39,0.0791,0.0862,0.25,2945.0,-0.0399,2,2,stacking,,2.0,3.0
tol=2.5/exp=1.0,39,0.0791,0.0863,0.25,2944.0,-0.0399,2,2,stacking,,2.5,1.0
tol=2.5/exp=1.5,39,0.0791,0.0863,0.25,2944.0,-0.0399,2,2,stacking,,2.5,1.5
tol=2.5/exp=2.0,39,0.0791,0.0863,0.25,2944.0,-0.0399,2,2,stacking,,2.5,2.0
tol=2.5/exp=2.5,39,0.0791,0.0863,0.25,2944.0,-0.0399,2,2,stacking,,2.5,2.5
tol=2.5/exp=3.0,39,0.0791,0.0863,0.25,2944.0,-0.0399,2,2,stacking,,2.5,3.0
tol=3.0/exp=1.0,36,0.0826,0.0891,0.25,2579.0,-0.0364,2,2,stacking,,3.0,1.0
tol=3.0/exp=1.5,36,0.0826,0.0891,0.25,2579.0,-0.0364,2,2,stacking,,3.0,1.5
tol=3.0/exp=2.0,36,0.0826,0.0891,0.25,2579.0,-0.0364,2,2,stacking,,3.0,2.0
tol=3.0/exp=2.5,36,0.0826,0.0891,0.25,2579.0,-0.0364,2,2,stacking,,3.0,2.5
tol=3.0/exp=3.0,36,0.0826,0.0891,0.25,2579.0,-0.0364,2,2,stacking,,3.0,3.0
Rolling,47,0.0791,,,,-0.0399,3,2,mode,,,
Anchored,35,0.083,,,,-0.0361,4,2,mode,,,
